{
  "meta": {
    "k_min": 18,
    "k_max": 20,
    "seed": 1729
  },
  "runs": {
    "18": {
      "k": 18,
      "found_triangles": 70,
      "known_optimal": 93,
      "tamura_bound": 96,
      "improved_bound": 94,
      "elapsed_sec": 9.859014511108398,
      "lines": [
        [
          -3.4116373597716514,
          3.877442758550042
        ],
        [
          -3.0818793026187294,
          4.874158746677687
        ],
        [
          -0.21124292881955725,
          -0.7678126123756315
        ],
        [
          1.976147394368462,
          1.212569145957097
        ],
        [
          2.094324464143508,
          -1.5961505183349578
        ],
        [
          3.0643055464393383,
          -3.624263416793261
        ],
        [
          -2.8233112124116757,
          -1.1780068812636
        ],
        [
          -2.4149097365818726,
          -3.7201214058299334
        ],
        [
          5.0998488817540935,
          -3.272742949204002
        ],
        [
          0.9329545154165763,
          -2.514528792538723
        ],
        [
          -3.807573278290742,
          -0.18392335368004123
        ],
        [
          2.326672635463244,
          -0.5596926874426703
        ],
        [
          -0.4881649000457742,
          3.129745582626198
        ],
        [
          -2.575977089521576,
          0.30207236699055495
        ],
        [
          -1.8284660075720367,
          0.1830217967017112
        ],
        [
          0.6669375952846336,
          -6.025545780457879
        ],
        [
          3.794369624871509,
          0.8486737887860193
        ],
        [
          1.115129650047587,
          3.142811163739727
        ]
      ]
    },
    "19": {
      "k": 19,
      "found_triangles": 76,
      "known_optimal": 107,
      "tamura_bound": 107,
      "improved_bound": 107,
      "elapsed_sec": 11.269857168197632,
      "lines": [
        [
          0.025355054939594016,
          -4.468299260118951
        ],
        [
          -0.08972870696277432,
          2.055286208574721
        ],
        [
          2.1494754195612105,
          2.9879345824007832
        ],
        [
          -3.663949719596679,
          3.5366387796095182
        ],
        [
          1.3625533250059274,
          -0.6936144133406805
        ],
        [
          -2.6924541693121644,
          4.927616416831924
        ],
        [
          -1.9150726963764797,
          -0.7997806999377064
        ],
        [
          1.9228498444187947,
          1.368984455969355
        ],
        [
          0.7322056373077814,
          4.747260347026348
        ],
        [
          3.9500163482246924,
          -0.6671046231836897
        ],
        [
          2.753819166913187,
          2.9794036883955415
        ],
        [
          0.16069517113463583,
          0.2780421425644599
        ],
        [
          3.4896162982775842,
          1.7141545279186672
        ],
        [
          -0.7554117529128777,
          -4.184116864678347
        ],
        [
          3.985584660187771,
          -5.183715200644537
        ],
        [
          -2.519963456676493,
          2.2595711588629235
        ],
        [
          -5.2751568674261184,
          3.31287185897793
        ],
        [
          1.579423320236326,
          -4.311495180937951
        ],
        [
          -0.8766783382628218,
          0.020032353041220044
        ]
      ]
    },
    "20": {
      "k": 20,
      "found_triangles": 83,
      "known_optimal": 116,
      "tamura_bound": 120,
      "improved_bound": 117,
      "elapsed_sec": 12.49781322479248,
      "lines": [
        [
          0.10814077308175973,
          1.0136574979857813
        ],
        [
          3.8093098891169714,
          -0.35651640566221293
        ],
        [
          0.4463115503774743,
          3.726217947183176
        ],
        [
          5.089203535247439,
          -4.18556983074795
        ],
        [
          0.019445216397664805,
          -1.0498849190787334
        ],
        [
          -1.6935994511735286,
          -0.5226626296175702
        ],
        [
          1.6476027234913115,
          -3.754566289421584
        ],
        [
          -0.35488194607835377,
          2.8444515623450113
        ],
        [
          -0.5893359878535522,
          3.406544978939989
        ],
        [
          -3.6103253156948423,
          -2.8734599397364082
        ],
        [
          -2.406063641971815,
          4.455156382434333
        ],
        [
          -5.304523579969385,
          -0.9935871626865193
        ],
        [
          -1.1303939782213868,
          -2.1526953500469097
        ],
        [
          1.7754362949821831,
          3.152771332470475
        ],
        [
          -5.422690145340736,
          -4.092656990402782
        ],
        [
          3.802243579449384,
          -2.826928364992556
        ],
        [
          1.4398539097141456,
          -5.990175854038991
        ],
        [
          2.6301098216020957,
          -0.9269912107996294
        ],
        [
          -2.902904334702055,
          0.3746319783129689
        ],
        [
          -4.475368900887344,
          3.7092882767970963
        ]
      ]
    }
  }
}