{
  "meta": {
    "k_min": 3,
    "k_max": 6,
    "seed": 42
  },
  "runs": {
    "3": {
      "k": 3,
      "found_triangles": 1,
      "known_optimal": 1,
      "tamura_bound": 1,
      "improved_bound": 1,
      "elapsed_sec": 0.7077414989471436,
      "lines": [
        [
          -1.254598811526375,
          0.986584841970366
        ],
        [
          4.507143064099161,
          -3.439813595575635
        ],
        [
          2.3199394181140507,
          -3.4400547966379733
        ]
      ]
    },
    "4": {
      "k": 4,
      "found_triangles": 2,
      "known_optimal": 2,
      "tamura_bound": 2,
      "improved_bound": 2,
      "elapsed_sec": 1.2414124011993408,
      "lines": [
        [
          2.385058785105187,
          -2.43256503690242
        ],
        [
          1.6661708487937235,
          3.040956696335929
        ],
        [
          -3.8043800224794353,
          -0.7406229153306052
        ],
        [
          0.7264285311558458,
          4.946841651964872
        ]
      ]
    },
    "5": {
      "k": 5,
      "found_triangles": 5,
      "known_optimal": 5,
      "tamura_bound": 5,
      "improved_bound": 5,
      "elapsed_sec": 1.8809466361999512,
      "lines": [
        [
          3.2958121351581946,
          -6.211802874807574
        ],
        [
          -1.3342456607338433,
          6.354012414084711
        ],
        [
          -1.0408108920775065,
          1.7008091564577434
        ],
        [
          -0.038668480415098544,
          3.8871207327128654
        ],
        [
          3.419995282051451,
          -1.68463684141589
        ]
      ]
    },
    "6": {
      "k": 6,
      "found_triangles": 7,
      "known_optimal": 7,
      "tamura_bound": 8,
      "improved_bound": 7,
      "elapsed_sec": 2.7588682174682617,
      "lines": [
        [
          3.8405464542691403,
          2.7476449082427012
        ],
        [
          -2.410709829933505,
          0.6130370699899079
        ],
        [
          -2.867352960961632,
          1.1607799831138577
        ],
        [
          -1.046744331261823,
          -2.071832446607009
        ],
        [
          -3.7801984885831557,
          0.1971194281640808
        ],
        [
          -5.4388381404119714,
          1.0670323074200696
        ]
      ]
    }
  }
}