{
  "meta": {
    "k_min": 18,
    "k_max": 20,
    "seed": 42
  },
  "runs": {
    "18": {
      "k": 18,
      "found_triangles": 58,
      "known_optimal": 93,
      "tamura_bound": 96,
      "improved_bound": 94,
      "elapsed_sec": 0.8478493690490723,
      "lines": [
        [
          -1.156545244335371,
          -0.7048854998264488
        ],
        [
          4.507143064099161,
          -2.0877085980195806
        ],
        [
          2.3199394181140507,
          1.118528947223795
        ],
        [
          0.986584841970366,
          -3.6050613934795814
        ],
        [
          -3.439813595575635,
          -2.0785535146478185
        ],
        [
          -3.343154857454484,
          -1.7544066493248942
        ],
        [
          -5.027027067457895,
          -1.139002101064022
        ],
        [
          3.9085249313803083,
          2.4855065189388297
        ],
        [
          0.5587041305678431,
          -2.6733680856809565
        ],
        [
          2.0807257779604544,
          0.14234438413611628
        ],
        [
          -4.603263524538424,
          0.6521294880464459
        ],
        [
          4.949537147389072,
          -4.446527457501332
        ],
        [
          3.421651598822656,
          0.9599238348894883
        ],
        [
          -2.8766088932172384,
          -3.294758763127085
        ],
        [
          -3.181750327928994,
          -4.349484070147205
        ],
        [
          -3.086909089396599,
          4.981386707337556
        ],
        [
          -1.9575775704046228,
          4.656320330745594
        ],
        [
          0.24756431632237863,
          3.0839734811646107
        ]
      ]
    },
    "19": {
      "k": 19,
      "found_triangles": 75,
      "known_optimal": 107,
      "tamura_bound": 107,
      "improved_bound": 107,
      "elapsed_sec": 0.9477982521057129,
      "lines": [
        [
          4.535925643547418,
          1.929486767917918
        ],
        [
          3.4348321146875707,
          -1.2396928549082291
        ],
        [
          -1.6638674371578441,
          -2.057780404865239
        ],
        [
          -0.6049227412170752,
          3.2149864233203935
        ],
        [
          4.499285590411171,
          2.7476711822841913
        ],
        [
          -1.7572899771046067,
          3.5186402331896987
        ],
        [
          -3.7810116186669753,
          4.005752373079415
        ],
        [
          0.5680126245835018,
          0.11342398860937841
        ],
        [
          4.613599089391338,
          0.3551655543927181
        ],
        [
          1.9602979667497298,
          2.9829517896677515
        ],
        [
          0.7006117008936492,
          1.4996393077776515
        ],
        [
          -3.1909531409151373,
          1.2893259821649226
        ],
        [
          1.2653510517350304,
          3.70417388066002
        ],
        [
          4.900538501042632,
          3.9000534181756628
        ],
        [
          -3.704933221094274,
          -1.662471668826615
        ],
        [
          0.1832965236373676,
          -1.24417047360056
        ],
        [
          3.7737307192795537,
          -4.06018060159131
        ],
        [
          1.595440621208716,
          0.8242790587318246
        ],
        [
          1.5275082778694034,
          -4.751508018619015
        ]
      ]
    },
    "20": {
      "k": 20,
      "found_triangles": 69,
      "known_optimal": 116,
      "tamura_bound": 120,
      "improved_bound": 117,
      "elapsed_sec": 1.091536521911621,
      "lines": [
        [
          2.4957829997607206,
          -2.252682029740912
        ],
        [
          -1.070105510211409,
          -2.9277235099194354
        ],
        [
          3.365412428276519,
          3.5336732892552636
        ],
        [
          0.930059953000971,
          2.6135525398079245
        ],
        [
          -4.137465786419441,
          -4.4068600745192175
        ],
        [
          -4.563982141411877,
          -2.0613509483776125
        ],
        [
          -3.661478811993668,
          -4.778152579696984
        ],
        [
          -4.703705284064373,
          0.19055720445467503
        ],
        [
          -4.244340718378006,
          -0.7572127644553438
        ],
        [
          2.0866260324201638,
          4.291695947200433
        ],
        [
          0.23934458850494642,
          -2.0716233644944495
        ],
        [
          2.226199609655182,
          3.3554444470819167
        ],
        [
          4.40069666138798,
          4.38610866978403
        ],
        [
          0.3969380045951541,
          -3.7058554861101767
        ],
        [
          2.749793104389868,
          2.504147957231862
        ],
        [
          2.2404364489704256,
          1.0458609538533485
        ],
        [
          -0.632076967367219,
          -0.18896126422373014
        ],
        [
          -2.5891516767036817,
          -0.794642213349249
        ],
        [
          -2.9844299418664613,
          3.087957504828701
        ],
        [
          -2.649759555783272,
          1.025197364005336
        ]
      ]
    }
  }
}