{
  "meta": {
    "k_min": 7,
    "k_max": 10,
    "seed": 42
  },
  "runs": {
    "7": {
      "k": 7,
      "found_triangles": 11,
      "known_optimal": 11,
      "tamura_bound": 11,
      "improved_bound": 11,
      "elapsed_sec": 3.3514139652252197,
      "lines": [
        [
          -0.8692266415220027,
          4.16848185083125
        ],
        [
          -1.4436073154864348,
          -2.1774204748493764
        ],
        [
          0.5070517194682862,
          -0.16613483135478274
        ],
        [
          0.9520031170510301,
          -2.654566149340848
        ],
        [
          -1.6946081954786985,
          6.957711046855569
        ],
        [
          -0.38385562839046417,
          3.8740106570448773
        ],
        [
          2.521264370596291,
          0.8984319465634264
        ]
      ]
    },
    "8": {
      "k": 8,
      "found_triangles": 14,
      "known_optimal": 15,
      "tamura_bound": 16,
      "improved_bound": 15,
      "elapsed_sec": 4.755457401275635,
      "lines": [
        [
          4.744817530215216,
          -4.973587020971096
        ],
        [
          -5.105101993138391,
          1.2669914379427656
        ],
        [
          -0.40461338660558943,
          0.27599443657428724
        ],
        [
          -3.8761999255092925,
          2.8967319215397023
        ],
        [
          -2.0011660083493217,
          -0.20420918012018596
        ],
        [
          2.9584810918477737,
          -0.1991236354512107
        ],
        [
          -3.7404658109828017,
          -0.18279211127064107
        ],
        [
          5.18928122854647,
          -2.5207605686093433
        ]
      ]
    },
    "9": {
      "k": 9,
      "found_triangles": 18,
      "known_optimal": 21,
      "tamura_bound": 21,
      "improved_bound": 21,
      "elapsed_sec": 5.942942380905151,
      "lines": [
        [
          0.9042931423645331,
          0.6640937610276973
        ],
        [
          -5.948374726413578,
          4.174143736833962
        ],
        [
          6.071336504463643,
          1.2518128332440566
        ],
        [
          2.290370373579926,
          -5.536045658395542
        ],
        [
          2.271755527090082,
          -1.5746636978041997
        ],
        [
          3.397862761074328,
          -5.695201914536856
        ],
        [
          1.8214079008955186,
          -3.2993020300670355
        ],
        [
          -0.1584878231241655,
          -0.8254607173072911
        ],
        [
          1.7389082302124872,
          5.360688602569179
        ]
      ]
    },
    "10": {
      "k": 10,
      "found_triangles": 22,
      "known_optimal": 25,
      "tamura_bound": 26,
      "improved_bound": 25,
      "elapsed_sec": 7.683279752731323,
      "lines": [
        [
          -2.06569917484182,
          1.5973389429219216
        ],
        [
          3.256115203742098,
          0.1765420806049628
        ],
        [
          0.5297647034985824,
          5.128871475429076
        ],
        [
          -1.1044184807865425,
          3.3506119474784373
        ],
        [
          -1.0308604513318986,
          2.360996754190154
        ],
        [
          3.4282231382535726,
          -3.904014599602289
        ],
        [
          -2.499085610909164,
          -0.6291472860313791
        ],
        [
          0.690655291750821,
          0.18378994660725118
        ],
        [
          1.0360064875420103,
          -1.1410609708536221
        ],
        [
          4.151704673868431,
          -2.767258713200445
        ]
      ]
    }
  }
}