{
  "meta": {
    "k_min": 3,
    "k_max": 5,
    "seed": 1729
  },
  "runs": {
    "3": {
      "k": 3,
      "found_triangles": 1,
      "known_optimal": 1,
      "tamura_bound": 1,
      "improved_bound": 1,
      "elapsed_sec": 0.11333918571472168,
      "lines": [
        [
          -2.8784140480626688,
          2.196610137879807
        ],
        [
          -2.4098175947223854,
          1.9225092561079338
        ],
        [
          -0.7647812005397139,
          2.2817481616493964
        ]
      ]
    },
    "4": {
      "k": 4,
      "found_triangles": 2,
      "known_optimal": 2,
      "tamura_bound": 2,
      "improved_bound": 2,
      "elapsed_sec": 0.18718910217285156,
      "lines": [
        [
          0.5566539026323127,
          3.253359889823905
        ],
        [
          0.6856768672096951,
          -1.1822830058937783
        ],
        [
          -4.671963259546885,
          -0.06843148621914175
        ],
        [
          0.8925947206187148,
          4.961428475607702
        ]
      ]
    },
    "5": {
      "k": 5,
      "found_triangles": 5,
      "known_optimal": 5,
      "tamura_bound": 5,
      "improved_bound": 5,
      "elapsed_sec": 0.28650331497192383,
      "lines": [
        [
          3.4482420638057345,
          -2.2755891025470225
        ],
        [
          4.239582479937161,
          0.9922969083330047
        ],
        [
          -3.883902010490727,
          -4.756613822872133
        ],
        [
          4.458386338944075,
          -2.3056767630499166
        ],
        [
          -3.7799249008011717,
          -0.6119163215807246
        ]
      ]
    }
  }
}