{
  "meta": {
    "k_min": 3,
    "k_max": 8,
    "seed": 42
  },
  "runs": {
    "3": {
      "k": 3,
      "found_triangles": 1,
      "known_optimal": 1,
      "tamura_bound": 1,
      "improved_bound": 1,
      "elapsed_sec": 3.0463452339172363,
      "lines": [
        [
          -1.254598811526375,
          0.986584841970366
        ],
        [
          4.507143064099161,
          -3.439813595575635
        ],
        [
          2.3199394181140507,
          -3.4400547966379733
        ]
      ]
    },
    "4": {
      "k": 4,
      "found_triangles": 2,
      "known_optimal": 2,
      "tamura_bound": 2,
      "improved_bound": 2,
      "elapsed_sec": 5.935693264007568,
      "lines": [
        [
          0.9851307946677519,
          -1.8416850484694294
        ],
        [
          0.8018776330453239,
          1.1161788275416304
        ],
        [
          1.364353445734805,
          -3.6713825157247504
        ],
        [
          -1.4818208457985893,
          -2.4696845646786003
        ]
      ]
    },
    "5": {
      "k": 5,
      "found_triangles": 5,
      "known_optimal": 5,
      "tamura_bound": 5,
      "improved_bound": 5,
      "elapsed_sec": 8.538233518600464,
      "lines": [
        [
          2.47201695653267,
          3.1808819216797746
        ],
        [
          -2.97144933080802,
          -0.5186934095895117
        ],
        [
          2.4374611322949913,
          0.9416223405568355
        ],
        [
          -0.269214482035768,
          -0.6922029335682167
        ],
        [
          1.0520210093992355,
          1.7313523594775613
        ]
      ]
    },
    "6": {
      "k": 6,
      "found_triangles": 7,
      "known_optimal": 7,
      "tamura_bound": 8,
      "improved_bound": 7,
      "elapsed_sec": 11.59138035774231,
      "lines": [
        [
          1.6211412608077609,
          1.9799136626703175
        ],
        [
          3.704418962186903,
          -1.0262125082367204
        ],
        [
          2.336477701070746,
          4.195427100172118
        ],
        [
          3.2046776691237584,
          0.8025056652169906
        ],
        [
          4.295009032476667,
          2.5245000874987378
        ],
        [
          0.5650821479572363,
          -4.820586411978286
        ]
      ]
    },
    "7": {
      "k": 7,
      "found_triangles": 11,
      "known_optimal": 11,
      "tamura_bound": 11,
      "improved_bound": 11,
      "elapsed_sec": 15.525797128677368,
      "lines": [
        [
          5.056213762710577,
          -4.525524622393377
        ],
        [
          -3.1609857664031726,
          5.5790893075924615
        ],
        [
          -5.813134019161383,
          5.1542942549326645
        ],
        [
          2.996555294509666,
          -8.493048774964834
        ],
        [
          7.813993816170586,
          -0.9308505345712442
        ],
        [
          -0.1077137902764057,
          0.9305935728779837
        ],
        [
          -1.0622787088827679,
          0.5759239655011845
        ]
      ]
    },
    "8": {
      "k": 8,
      "found_triangles": 14,
      "known_optimal": 15,
      "tamura_bound": 16,
      "improved_bound": 15,
      "elapsed_sec": 19.182428121566772,
      "lines": [
        [
          2.4427502642982515,
          -1.1903042781582995
        ],
        [
          -2.158589087128375,
          -4.208855075004557
        ],
        [
          0.7671712747119726,
          0.4293055138936933
        ],
        [
          -1.455461938469567,
          -0.11354282040826419
        ],
        [
          -0.6669732963635465,
          -1.4311526673872803
        ],
        [
          -1.8253473901928952,
          4.411275245634394
        ],
        [
          -8.381647041906122,
          -6.546665456173521
        ],
        [
          0.752826135213174,
          2.290285953823418
        ]
      ]
    }
  }
}