{
  "meta": {
    "n_min": 11,
    "n_max": 13,
    "restarts": 3,
    "niter": 8,
    "temperature": 0.001,
    "stepsize": 0.35,
    "subset_size": 3,
    "local_maxiter": 150,
    "niter_success": 10,
    "top_k": 3,
    "seed": 1729,
    "improvement_epsilon": 1e-06
  },
  "runs": {
    "11": {
      "N": 11,
      "known_energy": 40.59645051,
      "best_energy": 40.596450508214375,
      "delta": -1.7856223166745622e-09,
      "classification": "reproduction",
      "is_improvement": false,
      "restarts": 3,
      "niter": 8,
      "best_run_index": 0,
      "best_start_mode": "fibonacci",
      "best_config": [
        [
          0.45704474966119724,
          0.08226806478739761,
          0.8856308837903465
        ],
        [
          -0.4843703709902796,
          -0.40985447498112204,
          0.7729195644080229
        ],
        [
          -0.2542616068462989,
          0.7299105940050005,
          0.6344931520853522
        ],
        [
          0.5543025277514985,
          -0.7528323474913645,
          0.3549537495208928
        ],
        [
          -0.9899907339329933,
          0.13809364317788642,
          0.02912889357102293
        ],
        [
          0.8814149399907939,
          0.4648490191317522,
          0.08380389593135423
        ],
        [
          -0.430767889925979,
          -0.8873976382500931,
          -0.16420857662398863
        ],
        [
          -0.25752030092202244,
          0.9093540258840598,
          -0.32673926948177473
        ],
        [
          0.551052404538946,
          -0.5733808803366015,
          -0.6062801444186258
        ],
        [
          -0.4899078615668512,
          -0.10397631959497755,
          -0.8655513919684249
        ],
        [
          0.4513521526329537,
          0.3968205374880195,
          -0.7992588412656554
        ]
      ],
      "recomputed_best_energy": 40.59645050821438,
      "recompute_delta": 7.105427357601002e-15,
      "min_pair_distance": 0.9778437158377695,
      "accepted_minima": 27,
      "distinct_minima": 3,
      "top_minima": [
        {
          "energy": 40.596450508214375,
          "delta": -1.7856223166745622e-09,
          "accepted": true,
          "min_pair_distance": 0.9778437158377695,
          "config": [
            [
              0.45704474966119724,
              0.08226806478739761,
              0.8856308837903465
            ],
            [
              -0.4843703709902796,
              -0.40985447498112204,
              0.7729195644080229
            ],
            [
              -0.2542616068462989,
              0.7299105940050005,
              0.6344931520853522
            ],
            [
              0.5543025277514985,
              -0.7528323474913645,
              0.3549537495208928
            ],
            [
              -0.9899907339329933,
              0.13809364317788642,
              0.02912889357102293
            ],
            [
              0.8814149399907939,
              0.4648490191317522,
              0.08380389593135423
            ],
            [
              -0.430767889925979,
              -0.8873976382500931,
              -0.16420857662398863
            ],
            [
              -0.25752030092202244,
              0.9093540258840598,
              -0.32673926948177473
            ],
            [
              0.551052404538946,
              -0.5733808803366015,
              -0.6062801444186258
            ],
            [
              -0.4899078615668512,
              -0.10397631959497755,
              -0.8655513919684249
            ],
            [
              0.4513521526329537,
              0.3968205374880195,
              -0.7992588412656554
            ]
          ]
        },
        {
          "energy": 40.596450508504155,
          "delta": -1.4958416727495205e-09,
          "accepted": true,
          "min_pair_distance": 0.9778433382506546,
          "config": [
            [
              -0.8230364681690149,
              -0.5160112581873215,
              0.23736754935713483
            ],
            [
              0.8417428169037378,
              -0.5398588268061354,
              -0.004634361926282274
            ],
            [
              -0.06092948738187027,
              -0.9166969642024485,
              -0.39491046249675044
            ],
            [
              0.017970385915024437,
              -0.6655986745051995,
              0.7460934725133216
            ],
            [
              -0.7017020224053055,
              0.39372698210089746,
              0.5937957016668474
            ],
            [
              0.5444833980412946,
              0.15466439125164147,
              0.8243887161625665
            ],
            [
              0.2893214364616776,
              -0.09480914458476578,
              -0.9525252398266706
            ],
            [
              -0.25421625179926605,
              0.7981791221553509,
              -0.5461539950201276
            ],
            [
              0.09985480851051809,
              0.9217847408844332,
              0.3746223547653637
            ],
            [
              -0.7807621838375255,
              -0.02206766379418419,
              -0.6244384921703058
            ],
            [
              0.8365495932331547,
              0.48148259920085823,
              -0.26145608565919676
            ]
          ]
        },
        {
          "energy": 40.59645050987511,
          "delta": -1.248849912371952e-10,
          "accepted": true,
          "min_pair_distance": 0.9778430867987021,
          "config": [
            [
              -0.8095035886720509,
              -0.5496179838380495,
              0.20645583491117134
            ],
            [
              0.8639671689852463,
              -0.5020300130679349,
              0.03907168917039766
            ],
            [
              -0.002845863367946785,
              -0.9222399102395845,
              -0.3866076163540677
            ],
            [
              0.013540474843964827,
              -0.6570138212267317,
              0.7537569198740719
            ],
            [
              -0.7442508499707225,
              0.3679503057595338,
              0.55740761100771
            ],
            [
              0.4995317641169513,
              0.1864858267746313,
              0.8459852558114643
            ],
            [
              0.3357604970396244,
              -0.09097500480443053,
              -0.9375438321105517
            ],
            [
              -0.26424927849794766,
              0.7808606748816803,
              -0.5660644179213536
            ],
            [
              0.042474090820363485,
              0.9288493991457871,
              0.36801459932385
            ],
            [
              -0.7501233059664354,
              -0.06269882334656093,
              -0.6583189830142698
            ],
            [
              0.8255373245021324,
              0.5155639451895913,
              -0.22952547630798023
            ]
          ]
        }
      ],
      "run_summaries": [
        {
          "run_index": 0,
          "seed": 1729,
          "start_mode": "fibonacci",
          "best_energy": 40.596450508214375,
          "distinct_minima": 2,
          "accepted_minima": 9,
          "elapsed_sec": 0.11926698684692383
        },
        {
          "run_index": 1,
          "seed": 1730,
          "start_mode": "random",
          "best_energy": 40.59645050821783,
          "distinct_minima": 2,
          "accepted_minima": 9,
          "elapsed_sec": 0.12838411331176758
        },
        {
          "run_index": 2,
          "seed": 1731,
          "start_mode": "random",
          "best_energy": 40.59645050821882,
          "distinct_minima": 3,
          "accepted_minima": 9,
          "elapsed_sec": 0.11715984344482422
        }
      ],
      "elapsed_sec": 0.36508750915527344
    },